{
  "1": 71.96182464741919,
  "4": 238.07899803036258,
  "3": 138.94401265306627,
  "2": 70.10606854420182
}